Year, Afghanistan, Albania, Algeria, Andorra, Angola, Antigua and Barbuda, Argentina, Armenia, Australia, Austria, Azerbaijan, Bahamas, Bahrain, Bangladesh, Barbados, Belarus, Belgium, Belize, Benin, Bhutan, Bolivia, Bosnia and Herzegovina, Botswana, Brazil, Brunei Darussalam, Bulgaria, Burkina Faso, Burundi, Cabo Verde, Cambodia, Cameroon, Canada, Central African Republic, Chad, Chile, China, Colombia, Comoros, Congo, Democratic Republic of the Congo, Costa Rica, Croatia, Cuba, Cyprus, Czechia, Cote d'Ivoire, Denmark, Djibouti, Dominica, Dominican Republic, Ecuador, Egypt, El Salvador, Equatorial Guinea, Eritrea, Estonia, Eswatini (Kingdom of), Ethiopia, Fiji, Finland, France, Gabon, Gambia, Georgia, Germany, Ghana, Greece, Grenada, Guatemala, Guinea, Guinea-Bissau, Guyana, Haiti, Honduras," Hong Kong, China (SAR)", Hungary, Iceland, India, Indonesia, Iran (Islamic Republic of), Iraq, Ireland, Israel, Italy, Jamaica, Japan, Jordan, Kazakhstan, Kenya, Kiribati, Korea (Republic of), Kuwait, Kyrgyzstan, Laos, Latvia, Lebanon, Lesotho, Liberia, Libya, Liechtenstein, Lithuania, Luxembourg, Madagascar, Malawi, Malaysia, Maldives, Mali, Malta, Marshall Islands, Mauritania, Mauritius, Mexico, Micronesia (Federated States of), Moldova, Mongolia, Montenegro, Morocco, Mozambique, Myanmar, Namibia, Nepal, Netherlands, New Zealand, Nicaragua, Niger, Nigeria, North Macedonia, Norway, Oman, Pakistan, Palau," Palestine, State of", Panama, Papua New Guinea, Paraguay, Peru, Philippines, Poland, Portugal, Qatar, Romania, Russia, Rwanda, Saint Kitts and Nevis, Saint Lucia, Saint Vincent and the Grenadines, Samoa, Sao Tome and Principe, Saudi Arabia, Senegal, Serbia, Seychelles, Sierra Leone, Singapore, Slovakia, Slovenia, Solomon Islands, South Africa, South Sudan, Spain, Sri Lanka, Sudan, Suriname, Sweden, Switzerland, Syria, Tajikistan, Tanzania, Thailand, Timor-Leste, Togo, Tonga, Trinidad and Tobago, Tunisia, Turkey, Turkmenistan, Uganda, Ukraine, United Arab Emirates, United Kingdom, United States, Uruguay, Uzbekistan, Vanuatu, Venezuela, Vietnam, Yemen, Zambia, Zimbabwe,Human Development,Very high human development,High human development,Medium human development,Low human development,Developing Countries,Regions,Arab States,East Asia and the Pacific,Europe and Central Asia,Latin America and the Caribbean,South Asia,Sub-Saharan Africa,Least Developed Countries,Small Island Developing States,Organization for Economic Co-operation and Development,World
1990,0.302,0.65,0.572,,,,0.718,0.654,0.871,0.803,,,0.749,0.394,0.732,,0.813,0.61,0.364,,0.551,,0.573,0.613,0.767,0.708,,0.299,,0.368,0.448,0.85,0.334,,0.706,0.499,0.603,,0.5,0.369,0.665,0.677,0.68,0.735,0.738,0.404,0.806,,,0.599,0.648,0.548,0.536,,,0.735,0.541,,0.662,0.79,0.786,0.613,0.349,,0.808,0.465,0.761,,0.481,0.282,,0.548,0.414,0.519,0.784,0.708,0.807,0.429,0.523,0.565,0.56,0.773,0.801,0.776,0.645,0.818,0.625,0.69,0.482,,0.732,0.705,0.64,0.405,0.711,,0.498,,0.724,,0.738,0.797,,0.333,0.643,,0.234,0.752,,0.397,0.624,0.656,,0.69,0.578,,0.457,0.227,0.342,0.581,0.387,0.836,0.826,0.497,0.22,,,0.849,,0.402,,,0.675,0.38,0.598,0.613,0.593,0.718,0.718,0.75,0.708,0.735,0.248,,,,0.633,0.452,0.697,0.376,0.722,,0.287,0.721,0.741,0.774,,0.627,,0.761,0.629,0.331,,0.821,0.84,0.55,0.617,0.368,0.577,,0.406,0.654,0.668,0.567,0.583,,0.32,0.725,0.723,0.781,0.865,0.694,,,0.644,0.483,0.401,0.421,0.478,,0.779,0.568,0.437,0.352,0.516,,0.556,0.519,0.652,0.628,0.441,0.402,0.35,0.595,0.785,0.598
1991,0.307,0.631,0.576,,,,0.725,0.648,0.871,0.808,,,0.755,0.401,0.733,,0.817,0.614,0.371,,0.559,,0.579,0.621,0.771,0.705,,0.302,,0.372,0.445,0.854,0.328,,0.715,0.507,0.606,,0.499,0.366,0.672,0.672,0.674,0.738,0.733,0.404,0.811,,,0.603,0.65,0.552,0.54,,,0.73,0.542,,0.669,0.793,0.796,0.618,0.354,,0.816,0.47,0.77,,0.487,0.287,,0.544,0.418,0.518,0.789,0.706,0.82,0.433,0.529,0.583,0.512,0.777,0.808,0.782,0.648,0.823,0.636,0.684,0.48,,0.743,0.665,0.634,0.41,0.706,,0.495,,0.734,,0.734,0.804,,0.34,0.651,,0.241,0.757,,0.402,0.63,0.66,,0.68,0.573,,0.463,0.231,0.349,0.583,0.395,0.84,0.827,0.506,0.223,,,0.854,,0.407,,,0.68,0.389,0.604,0.62,0.595,0.716,0.727,0.747,0.694,0.731,0.22,,,,0.634,0.454,0.705,0.377,0.719,,0.28,0.731,0.736,0.772,,0.634,,0.77,0.634,0.336,,0.823,0.842,0.556,0.612,0.369,0.586,,0.409,0.659,0.67,0.573,0.587,,0.32,0.721,0.735,0.794,0.867,0.699,,,0.654,0.493,0.401,0.417,0.481,,0.782,0.573,0.439,0.353,0.52,,0.559,0.525,0.65,0.634,0.447,0.404,0.353,0.598,0.79,0.601
1992,0.316,0.615,0.582,,,,0.73,0.618,0.873,0.813,,,0.76,0.41,0.733,,0.832,0.621,0.375,,0.566,,0.577,0.627,0.777,0.705,,0.299,,0.377,0.441,0.857,0.315,,0.722,0.517,0.617,,0.499,0.361,0.68,0.672,0.667,0.742,0.736,0.405,0.815,,,0.612,0.654,0.559,0.552,,,0.722,0.539,,0.672,0.801,0.804,0.617,0.358,,0.821,0.474,0.771,,0.493,0.291,,0.559,0.418,0.523,0.794,0.711,0.823,0.44,0.534,0.596,0.527,0.782,0.815,0.788,0.655,0.826,0.657,0.682,0.476,,0.75,0.659,0.625,0.415,0.685,,0.493,,0.74,,0.719,0.809,,0.348,0.66,,0.246,0.762,,0.41,0.637,0.664,,0.661,0.56,,0.467,0.227,0.363,0.587,0.402,0.841,0.832,0.513,0.226,,,0.861,,0.413,,,0.688,0.398,0.608,0.62,0.598,0.719,0.739,0.751,0.686,0.72,0.202,,,,0.634,0.457,0.71,0.377,0.706,,0.278,0.742,0.735,0.774,,0.642,,0.779,0.639,0.344,,0.826,0.845,0.56,0.592,0.367,0.592,,0.4,0.661,0.67,0.581,0.594,,0.313,0.713,0.738,0.807,0.872,0.702,,,0.66,0.504,0.404,0.416,0.467,,0.78,0.578,0.445,0.355,0.525,,0.565,0.534,0.646,0.639,0.454,0.404,0.354,0.603,0.788,0.601
1993,0.312,0.618,0.586,,,,0.735,0.617,0.876,0.817,,,0.769,0.418,0.737,,0.845,0.624,0.382,,0.573,,0.576,0.635,0.781,0.704,,0.299,,0.381,0.435,0.855,0.315,,0.715,0.527,0.624,,0.493,0.355,0.687,0.674,0.66,0.779,0.743,0.406,0.822,,,0.619,0.658,0.564,0.562,,,0.715,0.534,,0.675,0.805,0.81,0.619,0.362,,0.831,0.478,0.77,,0.499,0.296,,0.572,0.418,0.53,0.802,0.724,0.824,0.446,0.541,0.607,0.548,0.791,0.821,0.793,0.67,0.831,0.668,0.675,0.472,,0.76,0.688,0.612,0.421,0.674,,0.487,,0.744,,0.708,0.813,,0.356,0.667,,0.253,0.766,,0.423,0.643,0.668,,0.66,0.546,,0.473,0.234,0.369,0.587,0.407,0.846,0.844,0.516,0.231,,,0.869,,0.417,,,0.696,0.411,0.615,0.625,0.601,0.73,0.753,0.762,0.686,0.712,0.197,,,,0.639,0.46,0.714,0.377,0.69,,0.282,0.753,0.738,0.776,,0.648,,0.789,0.641,0.352,,0.846,0.849,0.564,0.575,0.367,0.6,,0.391,0.665,0.672,0.587,0.601,,0.32,0.703,0.745,0.82,0.877,0.705,,,0.662,0.514,0.406,0.419,0.463,,0.79,0.584,0.451,0.356,0.53,,0.571,0.542,0.643,0.644,0.46,0.406,0.358,0.608,0.8,0.608
1994,0.307,0.624,0.59,,,,0.739,0.621,0.879,0.821,,,0.772,0.426,0.742,,0.852,0.623,0.386,,0.581,,0.57,0.642,0.786,0.705,,0.296,,0.385,0.433,0.859,0.317,,0.72,0.534,0.631,,0.489,0.349,0.692,0.688,0.656,0.784,0.752,0.407,0.831,,,0.624,0.663,0.571,0.571,,,0.72,0.527,,0.68,0.815,0.825,0.622,0.366,,0.837,0.48,0.774,,0.504,0.301,,0.582,0.415,0.534,0.807,0.737,0.829,0.453,0.55,0.616,0.548,0.798,0.827,0.802,0.671,0.837,0.679,0.667,0.469,,0.772,0.718,0.595,0.43,0.675,,0.486,,0.75,,0.704,0.818,,0.356,0.675,,0.26,0.768,,0.435,0.647,0.675,,0.64,0.549,,0.484,0.241,0.376,0.587,0.414,0.871,0.853,0.521,0.235,,,0.883,,0.421,,,0.699,0.417,0.62,0.636,0.605,0.739,0.76,0.773,0.688,0.703,0.192,,,,0.618,0.465,0.718,0.376,0.694,,0.284,0.764,0.745,0.783,,0.65,,0.798,0.65,0.358,,0.855,0.852,0.572,0.556,0.366,0.607,,0.397,0.672,0.676,0.598,0.603,,0.322,0.69,0.755,0.833,0.88,0.711,,,0.662,0.525,0.408,0.414,0.46,,0.795,0.588,0.457,0.356,0.534,,0.576,0.549,0.638,0.65,0.466,0.407,0.358,0.612,0.807,0.611
1995,0.331,0.637,0.595,,,,0.741,0.627,0.888,0.825,0.604,,0.778,0.434,0.747,0.66,0.859,0.624,0.391,,0.589,,0.576,0.651,0.79,0.71,,0.292,,0.391,0.432,0.862,0.319,,0.728,0.545,0.637,,0.471,0.347,0.697,0.703,0.659,0.788,0.761,0.409,0.837,0.351,,0.63,0.666,0.578,0.58,,,0.729,0.523,,0.686,0.823,0.832,0.624,0.37,,0.842,0.483,0.776,,0.511,0.306,,0.588,0.423,0.54,0.811,0.746,0.831,0.461,0.56,0.627,0.539,0.805,0.832,0.808,0.674,0.842,0.693,0.664,0.468,,0.783,0.748,0.589,0.432,0.68,,0.483,,0.754,,0.71,0.821,,0.389,0.682,0.555,0.265,0.772,,0.442,0.653,0.677,,0.638,0.554,,0.487,0.248,0.38,0.582,0.419,0.868,0.859,0.531,0.24,,,0.881,,0.426,,,0.704,0.425,0.625,0.646,0.609,0.745,0.767,0.782,0.694,0.702,0.231,,,,0.624,0.469,0.722,0.378,0.699,,0.287,0.774,0.752,0.79,,0.653,,0.807,0.654,0.366,,0.862,0.856,0.575,0.549,0.367,0.614,,0.41,0.675,0.681,0.605,0.611,,0.328,0.686,0.764,0.846,0.883,0.712,,,0.666,0.537,0.414,0.415,0.453,,0.799,0.596,0.464,0.361,0.541,,0.581,0.559,0.642,0.656,0.473,0.411,0.366,0.618,0.812,0.617
1996,0.335,0.646,0.602,,,,0.748,0.634,0.89,0.829,0.605,,0.782,0.443,0.751,0.664,0.864,0.624,0.394,,0.595,,0.575,0.658,0.793,0.718,,0.289,,0.396,0.431,0.864,0.315,,0.735,0.554,0.647,,0.47,0.351,0.701,0.715,0.669,0.791,0.776,0.412,0.844,0.349,,0.636,0.668,0.585,0.588,,,0.74,0.515,,0.688,0.83,0.837,0.626,0.377,,0.846,0.484,0.78,,0.518,0.31,,0.598,0.428,0.545,0.814,0.75,0.836,0.468,0.573,0.634,0.56,0.811,0.836,0.814,0.677,0.847,0.695,0.666,0.467,,0.793,0.772,0.594,0.445,0.687,,0.477,,0.76,,0.719,0.83,,0.376,0.694,0.569,0.274,0.776,,0.451,0.656,0.683,,0.634,0.56,,0.498,0.263,0.387,0.573,0.428,0.872,0.862,0.541,0.244,,,0.887,,0.431,,,0.71,0.433,0.632,0.651,0.617,0.753,0.774,0.794,0.702,0.703,0.263,,,,0.633,0.475,0.726,0.379,0.703,,0.282,0.783,0.756,0.796,,0.65,,0.813,0.659,0.374,,0.869,0.863,0.582,0.535,0.369,0.622,,0.418,0.675,0.687,0.614,0.62,,0.344,0.684,0.765,0.851,0.884,0.718,,,0.668,0.548,0.421,0.416,0.453,,0.804,0.604,0.471,0.368,0.547,,0.587,0.568,0.646,0.662,0.48,0.415,0.374,0.624,0.817,0.622
1997,0.339,0.645,0.611,,,,0.757,0.645,0.893,0.832,0.61,,0.783,0.452,0.757,0.67,0.869,0.626,0.399,,0.598,,0.577,0.665,0.794,0.713,,0.29,,0.401,0.432,0.863,0.318,,0.742,0.563,0.655,,0.474,0.349,0.707,0.727,0.673,0.794,0.782,0.415,0.85,0.354,,0.643,0.672,0.592,0.597,,,0.754,0.503,,0.687,0.838,0.841,0.628,0.382,,0.851,0.486,0.785,,0.526,0.318,,0.603,0.432,0.551,0.819,0.751,0.846,0.474,0.587,0.64,0.569,0.819,0.844,0.821,0.679,0.85,0.699,0.669,0.464,,0.805,0.775,0.601,0.453,0.698,,0.472,,0.767,,0.731,0.836,,0.395,0.704,0.584,0.285,0.781,,0.45,0.661,0.689,,0.637,0.567,,0.502,0.275,0.392,0.564,0.435,0.872,0.868,0.55,0.248,,,0.893,,0.434,,,0.716,0.435,0.637,0.657,0.621,0.764,0.78,0.806,0.703,0.705,0.291,,,,0.635,0.479,0.731,0.38,0.709,,0.28,0.794,0.758,0.804,,0.646,,0.817,0.666,0.384,,0.88,0.872,0.586,0.54,0.37,0.628,,0.426,0.675,0.695,0.621,0.629,,0.358,0.686,0.766,0.856,0.886,0.729,,,0.67,0.547,0.426,0.416,0.447,,0.804,0.61,0.476,0.373,0.553,,0.594,0.576,0.651,0.669,0.486,0.418,0.381,0.629,0.817,0.624
1998,0.344,0.655,0.621,,,,0.763,0.657,0.896,0.837,0.619,,0.787,0.461,0.753,0.674,0.873,0.628,0.403,,0.61,,0.58,0.67,0.794,0.718,,0.294,,0.406,0.434,0.861,0.32,,0.743,0.571,0.662,,0.48,0.349,0.713,0.738,0.677,0.803,0.783,0.414,0.856,0.355,,0.648,0.675,0.594,0.606,,,0.766,0.49,,0.687,0.846,0.845,0.63,0.388,,0.86,0.487,0.795,,0.534,0.326,,0.607,0.435,0.556,0.82,0.758,0.855,0.481,0.586,0.647,0.583,0.851,0.852,0.827,0.678,0.849,0.702,0.672,0.463,,0.802,0.78,0.606,0.46,0.711,,0.47,,0.77,,0.743,0.844,,0.395,0.708,0.597,0.294,0.789,,0.459,0.667,0.695,,0.637,0.575,,0.509,0.287,0.396,0.557,0.44,0.874,0.87,0.559,0.255,,,0.904,,0.438,,,0.724,0.442,0.641,0.667,0.626,0.774,0.787,0.81,0.705,0.705,0.307,,,,0.641,0.485,0.736,0.382,0.713,,0.284,0.799,0.764,0.813,,0.64,,0.821,0.673,0.39,,0.894,0.882,0.588,0.544,0.377,0.633,,0.425,0.678,0.694,0.632,0.64,,0.373,0.688,0.769,0.862,0.889,0.737,,,0.672,0.567,0.431,0.416,0.442,,0.813,0.616,0.484,0.379,0.559,,0.599,0.581,0.657,0.675,0.492,0.422,0.388,0.632,0.826,0.631
1999,0.348,0.665,0.629,,0.391,,0.774,0.664,0.9,0.842,0.629,,0.789,0.469,0.76,0.679,0.875,0.633,0.409,,0.619,,0.582,0.676,0.8,0.716,,0.295,,0.411,0.436,0.864,0.323,,0.75,0.579,0.662,,0.467,0.347,0.717,0.747,0.684,0.802,0.793,0.419,0.868,0.359,,0.654,0.673,0.607,0.608,,,0.773,0.479,,0.692,0.854,0.851,0.625,0.396,,0.868,0.489,0.797,,0.542,0.333,,0.611,0.439,0.56,0.824,0.765,0.86,0.489,0.594,0.652,0.591,0.859,0.859,0.832,0.68,0.852,0.706,0.676,0.462,,0.813,0.781,0.613,0.467,0.723,,0.461,0.399,0.775,,0.751,0.856,,0.395,0.713,0.611,0.306,0.793,,0.464,0.672,0.699,,0.64,0.581,,0.519,0.301,0.404,0.547,0.447,0.877,0.872,0.568,0.259,,,0.909,,0.443,,,0.729,0.445,0.644,0.677,0.63,0.783,0.786,0.814,0.711,0.711,0.326,,,,0.646,0.492,0.738,0.385,0.71,,0.287,0.81,0.763,0.826,0.489,0.635,,0.826,0.681,0.396,,0.899,0.889,0.593,0.548,0.383,0.643,,0.426,0.679,0.713,0.643,0.648,,0.39,0.69,0.776,0.868,0.89,0.739,,,0.674,0.574,0.435,0.42,0.437,,0.818,0.622,0.491,0.384,0.564,,0.607,0.589,0.66,0.68,0.499,0.425,0.394,0.638,0.831,0.636
2000,0.35,0.671,0.637,0.813,0.4,,0.781,0.669,0.903,0.847,0.635,0.797,0.795,0.478,0.771,0.686,0.88,0.64,0.416,,0.627,0.679,0.581,0.685,0.802,0.72,0.293,0.3,0.569,0.424,0.44,0.867,0.325,0.293,0.756,0.588,0.666,0.465,0.461,0.349,0.721,0.757,0.691,0.804,0.804,0.421,0.87,0.36,0.703,0.659,0.675,0.613,0.615,0.525,,0.787,0.465,0.292,0.695,0.864,0.849,0.621,0.403,0.69,0.876,0.494,0.804,,0.549,0.34,,0.616,0.442,0.566,0.83,0.772,0.867,0.495,0.603,0.658,0.595,0.867,0.861,0.838,0.678,0.858,0.711,0.685,0.461,0.553,0.823,0.781,0.62,0.471,0.735,,0.459,0.435,0.78,0.862,0.762,0.86,0.462,0.388,0.723,0.622,0.312,0.795,,0.464,0.678,0.708,0.546,0.643,0.588,,0.529,0.307,0.414,0.544,0.453,0.882,0.876,0.577,0.262,,0.677,0.915,0.693,0.447,0.744,,0.735,0.45,0.643,0.679,0.632,0.79,0.792,0.816,0.716,0.722,0.341,,0.695,0.681,0.651,0.498,0.743,0.39,0.716,0.714,0.295,0.821,0.765,0.832,0.475,0.631,,0.832,0.691,0.403,,0.903,0.898,0.6,0.555,0.39,0.652,0.484,0.427,0.675,0.717,0.651,0.66,,0.404,0.694,0.782,0.874,0.886,0.743,0.599,,0.676,0.586,0.444,0.425,0.43,,0.823,0.63,0.497,0.386,0.571,,0.613,0.597,0.667,0.687,0.505,0.423,0.399,0.642,0.834,0.641
2001,0.353,0.678,0.647,0.815,0.41,,0.786,0.673,0.905,0.857,0.643,0.798,0.796,0.486,0.77,0.692,0.883,0.644,0.428,,0.63,0.684,0.582,0.691,0.803,0.73,0.298,0.301,0.573,0.438,0.456,0.871,0.327,0.301,0.767,0.596,0.668,0.47,0.468,0.35,0.725,0.768,0.696,0.81,0.814,0.424,0.883,0.369,0.707,0.663,0.68,0.618,0.62,0.534,,0.797,0.454,0.306,0.698,0.871,0.851,0.624,0.411,0.694,0.884,0.493,0.814,,0.557,0.347,,0.619,0.444,0.57,0.838,0.781,0.872,0.499,0.609,0.665,0.601,0.873,0.865,0.845,0.689,0.861,0.717,0.7,0.465,0.569,0.829,0.778,0.628,0.477,0.753,,0.451,0.435,0.785,0.868,0.774,0.865,0.468,0.388,0.721,0.626,0.325,0.801,,0.463,0.687,0.712,0.553,0.651,0.599,,0.541,0.32,0.423,0.543,0.454,0.886,0.88,0.583,0.268,,0.681,0.914,0.705,0.454,0.747,,0.738,0.456,0.652,0.687,0.633,0.796,0.798,0.817,0.722,0.728,0.35,,0.691,0.686,0.659,0.506,0.746,0.405,0.723,0.71,0.309,0.825,0.766,0.843,0.48,0.611,,0.835,0.697,0.409,,0.905,0.9,0.607,0.564,0.397,0.66,0.492,0.43,0.679,0.725,0.659,0.666,,0.412,0.708,0.787,0.878,0.889,0.747,0.607,,0.684,0.594,0.453,0.432,0.431,,0.827,0.636,0.502,0.393,0.575,,0.62,0.604,0.672,0.692,0.51,0.426,0.407,0.645,0.839,0.646
2002,0.384,0.684,0.657,0.82,0.426,,0.781,0.682,0.907,0.847,0.651,0.8,0.795,0.492,0.774,0.699,0.886,0.651,0.438,,0.637,0.689,0.579,0.699,0.807,0.736,0.303,0.311,0.583,0.457,0.458,0.877,0.328,0.307,0.769,0.606,0.671,0.475,0.471,0.358,0.728,0.774,0.698,0.819,0.821,0.426,0.89,0.375,0.707,0.668,0.684,0.622,0.627,0.546,,0.805,0.442,0.315,0.7,0.874,0.852,0.626,0.415,0.699,0.89,0.499,0.826,0.721,0.563,0.356,,0.622,0.446,0.575,0.845,0.788,0.881,0.506,0.615,0.67,0.603,0.881,0.873,0.85,0.692,0.864,0.715,0.714,0.465,0.569,0.837,0.78,0.63,0.486,0.767,,0.446,0.437,0.79,0.873,0.785,0.869,0.464,0.357,0.723,0.63,0.334,0.804,,0.467,0.692,0.718,0.559,0.663,0.608,,0.551,0.327,0.432,0.541,0.464,0.885,0.888,0.589,0.273,,0.688,0.917,0.714,0.462,0.751,,0.744,0.462,0.662,0.688,0.638,0.804,0.799,0.822,0.731,0.734,0.366,,0.693,0.69,0.659,0.511,0.748,0.41,0.726,0.711,0.326,0.833,0.773,0.85,0.486,0.619,,0.837,0.703,0.415,,0.908,0.899,0.607,0.573,0.407,0.669,0.503,0.433,0.684,0.726,0.664,0.677,,0.427,0.717,0.792,0.881,0.891,0.749,0.614,,0.692,0.602,0.461,0.441,0.423,,0.832,0.643,0.508,0.402,0.582,,0.624,0.613,0.681,0.696,0.516,0.434,0.415,0.649,0.843,0.651
2003,0.393,0.691,0.667,0.827,0.435,,0.786,0.691,0.909,0.851,0.659,0.799,0.797,0.499,0.778,0.707,0.889,0.659,0.445,,0.64,0.695,0.586,0.695,0.813,0.745,0.31,0.319,0.588,0.47,0.464,0.882,0.328,0.305,0.776,0.618,0.67,0.481,0.471,0.366,0.731,0.78,0.708,0.828,0.83,0.429,0.901,0.385,0.712,0.669,0.687,0.625,0.633,0.547,,0.813,0.437,0.319,0.702,0.877,0.855,0.627,0.422,0.708,0.896,0.5,0.833,0.729,0.567,0.347,,0.618,0.449,0.58,0.854,0.797,0.887,0.518,0.622,0.677,0.589,0.889,0.874,0.855,0.687,0.867,0.72,0.726,0.478,0.574,0.844,0.788,0.637,0.494,0.781,,0.444,0.417,0.797,0.878,0.797,0.873,0.473,0.361,0.73,0.644,0.347,0.81,,0.472,0.701,0.722,0.565,0.673,0.621,,0.562,0.34,0.442,0.543,0.47,0.89,0.891,0.592,0.276,0.45,0.694,0.923,0.724,0.471,0.755,,0.746,0.47,0.66,0.687,0.642,0.809,0.805,0.83,0.739,0.742,0.379,,0.695,0.698,0.665,0.519,0.755,0.418,0.732,0.714,0.336,0.842,0.778,0.857,0.492,0.619,,0.84,0.712,0.422,,0.913,0.905,0.62,0.588,0.416,0.677,0.504,0.438,0.693,0.74,0.671,0.684,,0.436,0.725,0.798,0.885,0.894,0.752,0.619,,0.692,0.611,0.47,0.451,0.414,,0.837,0.65,0.518,0.417,0.589,,0.63,0.623,0.688,0.697,0.527,0.444,0.422,0.655,0.848,0.657
2004,0.409,0.696,0.677,0.833,0.446,,0.787,0.7,0.911,0.858,0.667,0.8,0.796,0.506,0.782,0.717,0.893,0.665,0.453,,0.641,0.701,0.592,0.698,0.818,0.752,0.32,0.33,0.59,0.482,0.469,0.888,0.331,0.324,0.785,0.628,0.684,0.483,0.473,0.374,0.735,0.786,0.722,0.831,0.834,0.433,0.905,0.393,0.714,0.672,0.693,0.631,0.639,0.554,,0.821,0.445,0.334,0.709,0.904,0.858,0.626,0.431,0.715,0.907,0.509,0.843,0.731,0.571,0.372,,0.625,0.45,0.586,0.865,0.799,0.891,0.527,0.628,0.678,0.615,0.898,0.876,0.86,0.704,0.871,0.726,0.737,0.49,0.572,0.853,0.789,0.64,0.503,0.795,,0.44,0.427,0.798,0.883,0.805,0.876,0.48,0.363,0.733,0.649,0.356,0.819,,0.482,0.708,0.731,0.57,0.684,0.636,,0.572,0.349,0.452,0.545,0.476,0.892,0.894,0.597,0.285,0.46,0.702,0.932,0.731,0.473,0.758,0.651,0.751,0.473,0.667,0.694,0.652,0.807,0.809,0.832,0.753,0.748,0.396,,0.695,0.701,0.673,0.526,0.764,0.426,0.74,0.716,0.345,0.849,0.786,0.864,0.5,0.619,,0.844,0.719,0.43,0.682,0.901,0.909,0.636,0.6,0.426,0.686,0.518,0.439,0.682,0.75,0.681,0.69,,0.436,0.732,0.803,0.892,0.897,0.755,0.626,,0.704,0.62,0.477,0.46,0.411,,0.841,0.657,0.527,0.426,0.597,,0.64,0.632,0.695,0.703,0.536,0.451,0.43,0.662,0.852,0.663
2005,0.418,0.706,0.685,0.827,0.46,0.764,0.788,0.712,0.906,0.863,0.674,0.801,0.795,0.514,0.787,0.727,0.897,0.662,0.459,0.52,0.643,0.706,0.601,0.7,0.822,0.758,0.332,0.337,0.596,0.494,0.47,0.894,0.336,0.327,0.791,0.64,0.689,0.489,0.469,0.381,0.738,0.792,0.734,0.836,0.843,0.438,0.91,0.402,0.715,0.681,0.698,0.637,0.646,0.565,0.427,0.832,0.456,0.355,0.705,0.908,0.867,0.632,0.435,0.725,0.908,0.52,0.853,0.744,0.574,0.383,0.403,0.629,0.453,0.593,0.874,0.805,0.896,0.536,0.632,0.683,0.617,0.904,0.88,0.865,0.706,0.875,0.738,0.747,0.5,0.589,0.86,0.783,0.642,0.512,0.809,0.74,0.436,0.432,0.8,0.886,0.817,0.88,0.486,0.367,0.73,0.645,0.367,0.834,,0.486,0.717,0.737,0.577,0.692,0.649,,0.58,0.36,0.461,0.545,0.482,0.897,0.896,0.601,0.294,0.465,0.71,0.931,0.736,0.486,0.77,0.659,0.754,0.48,0.67,0.699,0.654,0.813,0.813,0.838,0.762,0.753,0.413,0.711,0.698,0.705,0.677,0.533,0.77,0.434,0.749,0.732,0.354,0.874,0.796,0.869,0.509,0.622,,0.851,0.725,0.437,0.686,0.904,0.914,0.652,0.607,0.437,0.696,0.537,0.438,0.682,0.748,0.688,0.696,,0.444,0.738,0.809,0.897,0.9,0.758,0.633,0.574,0.718,0.624,0.483,0.471,0.411,,0.846,0.665,0.536,0.435,0.605,,0.647,0.641,0.703,0.707,0.544,0.459,0.439,0.668,0.856,0.669
2006,0.429,0.713,0.69,0.837,0.473,0.771,0.812,0.726,0.909,0.87,0.701,0.804,0.797,0.521,0.791,0.744,0.904,0.672,0.467,0.526,0.649,0.712,0.615,0.702,0.825,0.765,0.341,0.359,0.611,0.506,0.471,0.898,0.342,0.33,0.791,0.653,0.698,0.495,0.47,0.389,0.745,0.798,0.756,0.842,0.852,0.443,0.912,0.413,0.721,0.688,0.701,0.645,0.653,0.576,0.428,0.839,0.469,0.371,0.708,0.912,0.871,0.632,0.44,0.731,0.918,0.529,0.859,0.745,0.583,0.392,0.411,0.63,0.458,0.599,0.886,0.815,0.899,0.546,0.642,0.719,0.62,0.906,0.88,0.87,0.711,0.879,0.741,0.754,0.515,0.586,0.868,0.788,0.647,0.514,0.816,0.739,0.436,0.438,0.8,0.89,0.826,0.884,0.49,0.377,0.737,0.659,0.376,0.832,,0.496,0.724,0.745,0.583,0.699,0.659,0.773,0.586,0.366,0.471,0.551,0.493,0.903,0.898,0.605,0.3,0.473,0.716,0.934,0.74,0.492,0.774,0.659,0.759,0.485,0.67,0.697,0.656,0.819,0.811,0.835,0.774,0.76,0.434,0.718,0.712,0.711,0.68,0.543,0.777,0.438,0.754,0.722,0.362,0.881,0.805,0.876,0.519,0.626,,0.856,0.732,0.443,0.691,0.908,0.92,0.662,0.617,0.447,0.697,0.563,0.444,0.683,0.763,0.694,0.704,,0.456,0.744,0.814,0.896,0.903,0.763,0.637,0.58,0.731,0.632,0.488,0.482,0.414,,0.851,0.675,0.544,0.444,0.614,,0.653,0.652,0.712,0.713,0.554,0.469,0.448,0.678,0.86,0.676
2007,0.447,0.722,0.7,0.837,0.489,0.776,0.817,0.741,0.912,0.89,0.706,0.804,0.799,0.528,0.796,0.76,0.907,0.674,0.475,0.542,0.649,0.719,0.628,0.706,0.825,0.773,0.352,0.371,0.617,0.52,0.482,0.896,0.347,0.34,0.804,0.667,0.711,0.501,0.486,0.4,0.753,0.808,0.772,0.849,0.858,0.449,0.911,0.423,0.725,0.694,0.71,0.653,0.652,0.582,0.43,0.846,0.478,0.386,0.711,0.915,0.874,0.637,0.446,0.743,0.921,0.541,0.857,0.75,0.592,0.4,0.417,0.634,0.463,0.607,0.89,0.818,0.905,0.555,0.643,0.723,0.623,0.909,0.889,0.874,0.719,0.882,0.744,0.758,0.523,0.587,0.875,0.788,0.654,0.527,0.825,0.751,0.441,0.445,0.8,0.893,0.833,0.888,0.498,0.388,0.75,0.664,0.371,0.837,,0.495,0.731,0.746,0.589,0.704,0.671,0.784,0.594,0.378,0.482,0.559,0.498,0.91,0.901,0.611,0.306,0.478,0.721,0.936,0.752,0.496,0.78,0.669,0.767,0.498,0.675,0.704,0.662,0.824,0.814,0.838,0.788,0.769,0.45,0.724,0.714,0.715,0.686,0.548,0.783,0.447,0.758,0.745,0.375,0.882,0.816,0.88,0.526,0.632,,0.86,0.738,0.45,0.697,0.91,0.923,0.673,0.621,0.456,0.714,0.585,0.439,0.686,0.771,0.7,0.712,,0.466,0.751,0.819,0.899,0.906,0.765,0.649,0.583,0.748,0.64,0.492,0.488,0.421,,0.855,0.684,0.553,0.452,0.622,,0.661,0.664,0.718,0.719,0.563,0.477,0.458,0.687,0.864,0.682
2008,0.447,0.728,0.702,0.84,0.501,0.774,0.821,0.745,0.926,0.893,0.716,0.804,0.8,0.531,0.8,0.777,0.906,0.679,0.482,0.551,0.658,0.726,0.641,0.717,0.825,0.78,0.364,0.384,0.625,0.525,0.49,0.898,0.352,0.346,0.814,0.678,0.718,0.508,0.501,0.412,0.761,0.813,0.783,0.858,0.863,0.455,0.917,0.432,0.73,0.698,0.717,0.66,0.655,0.583,0.426,0.848,0.487,0.403,0.712,0.917,0.875,0.639,0.453,0.742,0.924,0.553,0.865,0.753,0.597,0.408,0.424,0.638,0.466,0.603,0.899,0.822,0.899,0.563,0.647,0.728,0.63,0.911,0.889,0.876,0.737,0.883,0.745,0.758,0.532,0.59,0.88,0.79,0.656,0.535,0.828,0.757,0.446,0.45,0.8,0.899,0.838,0.89,0.506,0.405,0.761,0.673,0.394,0.839,,0.494,0.738,0.748,0.593,0.71,0.682,0.794,0.602,0.387,0.493,0.567,0.509,0.913,0.902,0.616,0.314,0.484,0.737,0.937,0.77,0.503,0.781,0.674,0.771,0.503,0.684,0.715,0.666,0.829,0.817,0.843,0.803,0.775,0.461,0.739,0.725,0.721,0.687,0.546,0.792,0.457,0.764,0.75,0.386,0.888,0.823,0.886,0.524,0.646,,0.863,0.746,0.461,0.701,0.907,0.925,0.676,0.639,0.465,0.718,0.616,0.447,0.688,0.778,0.707,0.714,,0.479,0.755,0.821,0.903,0.911,0.769,0.653,0.589,0.757,0.647,0.495,0.503,0.422,,0.86,0.692,0.56,0.461,0.629,,0.667,0.672,0.723,0.726,0.569,0.486,0.467,0.692,0.867,0.688
2009,0.46,0.733,0.711,0.839,0.515,0.767,0.821,0.742,0.928,0.895,0.727,0.803,0.798,0.543,0.8,0.787,0.907,0.684,0.488,0.561,0.663,0.727,0.65,0.719,0.827,0.782,0.373,0.401,0.63,0.528,0.498,0.898,0.356,0.361,0.822,0.687,0.72,0.514,0.514,0.419,0.762,0.812,0.785,0.862,0.866,0.462,0.914,0.442,0.731,0.7,0.719,0.662,0.656,0.585,0.436,0.846,0.498,0.411,0.715,0.912,0.876,0.646,0.456,0.746,0.924,0.558,0.867,0.75,0.601,0.408,0.43,0.641,0.47,0.605,0.901,0.828,0.898,0.569,0.658,0.734,0.632,0.906,0.89,0.876,0.733,0.882,0.743,0.762,0.541,0.588,0.877,0.789,0.661,0.545,0.826,0.764,0.455,0.452,0.799,0.899,0.828,0.893,0.51,0.42,0.765,0.674,0.401,0.84,,0.502,0.745,0.748,0.596,0.706,0.687,0.797,0.608,0.394,0.504,0.576,0.522,0.912,0.905,0.617,0.321,0.49,0.739,0.937,0.777,0.508,0.782,0.679,0.772,0.512,0.681,0.718,0.665,0.834,0.823,0.841,0.806,0.773,0.477,0.74,0.728,0.72,0.691,0.556,0.796,0.461,0.766,0.754,0.394,0.888,0.825,0.885,0.517,0.655,,0.865,0.749,0.468,0.707,0.905,0.935,0.674,0.633,0.474,0.722,0.611,0.456,0.693,0.782,0.709,0.72,,0.487,0.749,0.819,0.906,0.912,0.775,0.66,0.589,0.756,0.659,0.502,0.517,0.458,,0.861,0.698,0.567,0.469,0.635,,0.671,0.681,0.726,0.727,0.575,0.494,0.477,0.694,0.868,0.691
2010,0.472,0.745,0.721,0.837,0.517,0.763,0.829,0.747,0.93,0.904,0.726,0.805,0.8,0.557,0.797,0.795,0.91,0.695,0.494,0.574,0.667,0.721,0.663,0.727,0.827,0.788,0.384,0.411,0.632,0.539,0.505,0.901,0.365,0.369,0.803,0.699,0.729,0.521,0.52,0.435,0.765,0.815,0.781,0.856,0.87,0.468,0.917,0.454,0.74,0.706,0.726,0.668,0.668,0.576,0.436,0.852,0.51,0.421,0.715,0.916,0.879,0.652,0.459,0.751,0.927,0.565,0.865,0.754,0.606,0.416,0.436,0.649,0.471,0.61,0.904,0.831,0.898,0.579,0.665,0.742,0.636,0.901,0.895,0.879,0.732,0.887,0.737,0.764,0.551,0.593,0.889,0.788,0.662,0.552,0.824,0.766,0.46,0.455,0.798,0.904,0.831,0.898,0.511,0.431,0.772,0.685,0.408,0.853,,0.505,0.751,0.748,0.601,0.713,0.696,0.802,0.616,0.401,0.515,0.589,0.537,0.917,0.906,0.622,0.331,0.482,0.743,0.94,0.782,0.512,0.786,0.684,0.774,0.522,0.696,0.721,0.671,0.84,0.829,0.834,0.805,0.781,0.492,0.746,0.73,0.718,0.698,0.561,0.809,0.468,0.766,0.764,0.399,0.909,0.831,0.889,0.537,0.664,0.41,0.872,0.754,0.469,0.71,0.911,0.941,0.672,0.638,0.481,0.724,0.628,0.466,0.699,0.784,0.716,0.739,0.666,0.498,0.755,0.82,0.912,0.916,0.782,0.669,0.59,0.757,0.661,0.506,0.527,0.482,,0.866,0.706,0.575,0.473,0.642,,0.676,0.691,0.735,0.731,0.585,0.498,0.485,0.702,0.873,0.697
2011,0.477,0.764,0.728,0.836,0.533,0.755,0.835,0.751,0.932,0.906,0.727,0.805,0.801,0.566,0.799,0.801,0.911,0.694,0.5,0.585,0.671,0.729,0.677,0.731,0.831,0.791,0.394,0.419,0.639,0.546,0.514,0.903,0.374,0.38,0.815,0.707,0.734,0.533,0.522,0.438,0.778,0.823,0.78,0.86,0.874,0.472,0.93,0.463,0.741,0.71,0.732,0.671,0.664,0.58,0.436,0.86,0.524,0.432,0.719,0.92,0.882,0.657,0.455,0.757,0.933,0.574,0.862,0.756,0.612,0.429,0.445,0.658,0.478,0.613,0.907,0.828,0.907,0.588,0.673,0.753,0.642,0.902,0.901,0.883,0.731,0.892,0.734,0.772,0.559,0.591,0.895,0.792,0.664,0.565,0.829,0.768,0.469,0.472,0.764,0.909,0.838,0.899,0.512,0.44,0.778,0.697,0.413,0.853,,0.509,0.76,0.755,0.604,0.719,0.71,0.806,0.626,0.397,0.526,0.602,0.545,0.928,0.909,0.628,0.338,0.492,0.747,0.942,0.782,0.516,0.793,0.692,0.78,0.53,0.701,0.734,0.676,0.845,0.833,0.84,0.806,0.79,0.5,0.749,0.736,0.721,0.701,0.568,0.823,0.471,0.776,0.767,0.406,0.913,0.838,0.891,0.541,0.665,0.43,0.878,0.76,0.474,0.717,0.912,0.941,0.678,0.636,0.487,0.733,0.644,0.479,0.704,0.782,0.718,0.753,0.673,0.504,0.76,0.826,0.906,0.919,0.789,0.676,0.591,0.769,0.671,0.506,0.534,0.499,,0.871,0.713,0.584,0.479,0.65,,0.681,0.7,0.744,0.737,0.593,0.505,0.493,0.706,0.877,0.703
2012,0.489,0.775,0.728,0.858,0.544,0.759,0.834,0.756,0.937,0.908,0.73,0.807,0.808,0.575,0.808,0.806,0.913,0.701,0.51,0.597,0.675,0.748,0.689,0.735,0.839,0.795,0.403,0.426,0.644,0.552,0.525,0.906,0.381,0.388,0.821,0.716,0.739,0.538,0.535,0.442,0.783,0.825,0.769,0.859,0.874,0.482,0.931,0.474,0.739,0.714,0.751,0.677,0.669,0.584,0.441,0.865,0.539,0.438,0.722,0.921,0.885,0.666,0.461,0.767,0.934,0.577,0.865,0.757,0.618,0.439,0.448,0.662,0.482,0.612,0.914,0.831,0.915,0.597,0.681,0.768,0.646,0.908,0.903,0.882,0.731,0.897,0.735,0.782,0.566,0.6,0.898,0.796,0.674,0.575,0.832,0.759,0.48,0.469,0.789,0.908,0.841,0.9,0.514,0.446,0.781,0.704,0.413,0.86,,0.517,0.771,0.759,0.605,0.726,0.718,0.807,0.635,0.403,0.533,0.613,0.559,0.928,0.911,0.633,0.35,0.5,0.748,0.941,0.791,0.519,0.795,0.698,0.786,0.52,0.701,0.742,0.684,0.842,0.836,0.854,0.803,0.798,0.508,0.745,0.73,0.72,0.698,0.573,0.835,0.487,0.775,0.755,0.421,0.918,0.843,0.884,0.553,0.675,0.397,0.881,0.766,0.486,0.729,0.914,0.944,0.664,0.643,0.496,0.737,0.639,0.482,0.708,0.78,0.72,0.765,0.679,0.507,0.764,0.832,0.904,0.92,0.793,0.685,0.591,0.772,0.676,0.504,0.549,0.525,,0.874,0.72,0.593,0.484,0.657,,0.687,0.707,0.75,0.74,0.601,0.512,0.499,0.704,0.879,0.708
2013,0.496,0.782,0.729,0.856,0.555,0.76,0.835,0.762,0.931,0.905,0.735,0.806,0.815,0.579,0.807,0.811,0.916,0.702,0.522,0.61,0.684,0.755,0.701,0.753,0.839,0.801,0.41,0.432,0.647,0.559,0.534,0.913,0.363,0.394,0.826,0.724,0.742,0.542,0.545,0.448,0.788,0.83,0.766,0.86,0.882,0.49,0.933,0.484,0.739,0.718,0.754,0.683,0.67,0.585,0.446,0.869,0.554,0.447,0.728,0.928,0.889,0.673,0.467,0.775,0.935,0.586,0.867,0.76,0.621,0.445,0.452,0.666,0.487,0.613,0.918,0.839,0.927,0.604,0.687,0.771,0.646,0.917,0.905,0.881,0.729,0.902,0.729,0.791,0.573,0.608,0.901,0.793,0.68,0.582,0.839,0.757,0.489,0.477,0.761,0.912,0.847,0.9,0.517,0.456,0.785,0.709,0.413,0.867,,0.525,0.779,0.756,0.605,0.735,0.727,0.811,0.644,0.417,0.543,0.624,0.568,0.93,0.914,0.639,0.357,0.519,0.751,0.944,0.799,0.523,0.821,0.695,0.791,0.537,0.712,0.75,0.691,0.856,0.84,0.842,0.808,0.802,0.515,0.764,0.732,0.723,0.7,0.582,0.845,0.494,0.778,0.775,0.433,0.921,0.845,0.893,0.558,0.685,0.428,0.882,0.769,0.494,0.734,0.933,0.946,0.596,0.653,0.497,0.734,0.63,0.488,0.708,0.783,0.723,0.785,0.685,0.513,0.767,0.838,0.921,0.918,0.8,0.692,0.593,0.777,0.681,0.509,0.557,0.537,,0.878,0.727,0.599,0.49,0.663,,0.688,0.714,0.759,0.748,0.607,0.521,0.504,0.708,0.883,0.713
2014,0.5,0.787,0.736,0.863,0.565,0.76,0.836,0.764,0.933,0.913,0.74,0.805,0.82,0.579,0.808,0.814,0.918,0.705,0.527,0.618,0.69,0.758,0.711,0.756,0.838,0.806,0.413,0.438,0.654,0.565,0.54,0.918,0.368,0.401,0.837,0.731,0.753,0.543,0.56,0.46,0.796,0.835,0.767,0.862,0.888,0.492,0.935,0.492,0.741,0.73,0.756,0.685,0.668,0.586,0.457,0.871,0.568,0.455,0.733,0.928,0.893,0.682,0.468,0.783,0.937,0.59,0.875,0.766,0.648,0.452,0.459,0.671,0.492,0.616,0.926,0.838,0.931,0.616,0.69,0.774,0.645,0.928,0.909,0.882,0.729,0.906,0.729,0.798,0.58,0.617,0.904,0.796,0.686,0.589,0.845,0.748,0.498,0.478,0.728,0.911,0.859,0.903,0.52,0.465,0.791,0.718,0.419,0.874,,0.531,0.789,0.761,0.604,0.737,0.732,0.813,0.652,0.425,0.55,0.631,0.576,0.932,0.916,0.649,0.365,0.523,0.755,0.944,0.802,0.53,0.825,0.697,0.795,0.542,0.715,0.76,0.696,0.858,0.847,0.835,0.811,0.807,0.521,0.768,0.735,0.733,0.703,0.591,0.852,0.499,0.784,0.775,0.438,0.926,0.847,0.894,0.559,0.693,0.428,0.888,0.773,0.499,0.735,0.935,0.942,0.556,0.652,0.504,0.742,0.62,0.493,0.707,0.785,0.726,0.796,0.689,0.519,0.771,0.847,0.925,0.92,0.803,0.696,0.594,0.775,0.683,0.502,0.561,0.547,,0.882,0.733,0.608,0.496,0.669,,0.691,0.721,0.766,0.752,0.617,0.527,0.51,0.712,0.886,0.718
2015,0.5,0.788,0.74,0.862,0.572,0.762,0.84,0.768,0.938,0.915,0.744,0.808,0.848,0.595,0.809,0.814,0.922,0.71,0.532,0.628,0.697,0.761,0.717,0.756,0.838,0.809,0.422,0.437,0.656,0.57,0.549,0.921,0.375,0.398,0.842,0.739,0.756,0.545,0.58,0.464,0.797,0.84,0.772,0.865,0.891,0.503,0.933,0.499,0.739,0.738,0.764,0.691,0.668,0.589,0.454,0.877,0.581,0.462,0.737,0.93,0.895,0.685,0.471,0.79,0.938,0.59,0.877,0.77,0.652,0.457,0.464,0.674,0.496,0.618,0.93,0.842,0.934,0.624,0.695,0.774,0.649,0.935,0.91,0.882,0.731,0.908,0.73,0.806,0.587,0.625,0.907,0.801,0.69,0.598,0.849,0.744,0.503,0.477,0.697,0.911,0.862,0.906,0.522,0.468,0.796,0.724,0.417,0.88,,0.536,0.789,0.766,0.612,0.736,0.735,0.816,0.658,0.433,0.557,0.638,0.583,0.934,0.921,0.652,0.372,0.526,0.761,0.947,0.814,0.536,0.82,0.701,0.799,0.548,0.721,0.759,0.701,0.863,0.854,0.839,0.815,0.809,0.526,0.768,0.747,0.733,0.707,0.604,0.859,0.506,0.789,0.786,0.431,0.931,0.85,0.894,0.563,0.701,0.425,0.895,0.776,0.504,0.74,0.938,0.947,0.537,0.652,0.514,0.749,0.61,0.499,0.72,0.792,0.729,0.801,0.694,0.525,0.765,0.859,0.923,0.921,0.806,0.701,0.598,0.769,0.688,0.483,0.569,0.553,,0.886,0.738,0.616,0.499,0.674,,0.695,0.727,0.77,0.754,0.624,0.532,0.516,0.717,0.889,0.722
2016,0.502,0.788,0.743,0.866,0.578,0.765,0.839,0.766,0.939,0.917,0.751,0.81,0.853,0.606,0.811,0.815,0.924,0.717,0.533,0.637,0.702,0.772,0.72,0.758,0.839,0.811,0.428,0.438,0.657,0.576,0.553,0.923,0.382,0.393,0.845,0.746,0.76,0.547,0.578,0.471,0.801,0.841,0.773,0.873,0.893,0.513,0.935,0.505,0.74,0.743,0.758,0.696,0.671,0.588,0.456,0.881,0.588,0.467,0.738,0.932,0.894,0.69,0.475,0.792,0.941,0.598,0.874,0.771,0.653,0.465,0.468,0.676,0.5,0.626,0.936,0.844,0.941,0.63,0.703,0.784,0.656,0.943,0.913,0.884,0.731,0.912,0.729,0.808,0.591,0.622,0.91,0.804,0.691,0.605,0.854,0.741,0.512,0.478,0.687,0.915,0.867,0.91,0.523,0.472,0.8,0.728,0.422,0.885,,0.542,0.794,0.768,0.614,0.738,0.729,0.818,0.667,0.441,0.563,0.639,0.586,0.936,0.924,0.657,0.378,0.526,0.765,0.95,0.815,0.542,0.822,0.704,0.805,0.549,0.722,0.765,0.704,0.869,0.855,0.845,0.82,0.815,0.527,0.771,0.752,0.734,0.71,0.608,0.859,0.509,0.795,0.787,0.431,0.935,0.853,0.9,0.561,0.703,0.421,0.899,0.773,0.507,0.735,0.94,0.947,0.528,0.653,0.52,0.756,0.598,0.502,0.722,0.792,0.731,0.808,0.699,0.529,0.768,0.864,0.924,0.922,0.81,0.705,0.598,0.759,0.693,0.474,0.571,0.558,,0.888,0.743,0.625,0.501,0.68,,0.699,0.733,0.772,0.756,0.634,0.535,0.52,0.719,0.892,0.727
2017,0.506,0.79,0.745,0.863,0.582,0.768,0.843,0.769,0.941,0.919,0.754,0.812,0.854,0.616,0.81,0.819,0.929,0.714,0.536,0.646,0.71,0.774,0.726,0.761,0.838,0.811,0.439,0.434,0.66,0.582,0.557,0.926,0.391,0.396,0.847,0.75,0.763,0.55,0.574,0.475,0.804,0.845,0.777,0.878,0.896,0.525,0.936,0.51,0.736,0.746,0.76,0.698,0.671,0.584,0.454,0.885,0.597,0.474,0.74,0.935,0.897,0.694,0.48,0.799,0.943,0.602,0.879,0.77,0.655,0.471,0.47,0.677,0.505,0.63,0.941,0.846,0.943,0.64,0.707,0.787,0.667,0.947,0.913,0.886,0.734,0.915,0.726,0.815,0.595,0.627,0.912,0.805,0.694,0.608,0.859,0.748,0.517,0.481,0.714,0.916,0.873,0.913,0.526,0.473,0.805,0.731,0.427,0.888,0.699,0.54,0.797,0.771,0.616,0.743,0.728,0.822,0.673,0.446,0.572,0.644,0.588,0.939,0.926,0.661,0.386,0.531,0.767,0.954,0.819,0.55,0.822,0.706,0.811,0.549,0.726,0.767,0.708,0.873,0.858,0.848,0.821,0.82,0.535,0.77,0.759,0.734,0.71,0.619,0.852,0.512,0.798,0.789,0.443,0.933,0.855,0.907,0.562,0.705,0.426,0.903,0.775,0.509,0.732,0.942,0.949,0.564,0.657,0.523,0.765,0.599,0.506,0.723,0.795,0.734,0.814,0.701,0.532,0.771,0.881,0.926,0.924,0.814,0.713,0.601,0.743,0.696,0.467,0.578,0.563,,0.89,0.746,0.63,0.505,0.683,,0.701,0.737,0.776,0.758,0.639,0.539,0.525,0.722,0.894,0.729
2018,0.509,0.792,0.746,0.867,0.582,0.772,0.842,0.771,0.943,0.921,0.754,0.812,0.852,0.625,0.81,0.823,0.93,0.714,0.541,0.649,0.714,0.777,0.73,0.762,0.836,0.813,0.443,0.431,0.663,0.585,0.56,0.928,0.395,0.397,0.849,0.755,0.764,0.552,0.573,0.478,0.808,0.848,0.781,0.885,0.898,0.534,0.939,0.518,0.738,0.751,0.762,0.701,0.67,0.582,0.456,0.889,0.605,0.478,0.742,0.937,0.898,0.697,0.487,0.805,0.946,0.606,0.881,0.773,0.657,0.473,0.472,0.68,0.508,0.633,0.946,0.85,0.946,0.642,0.712,0.785,0.671,0.951,0.916,0.89,0.734,0.917,0.728,0.819,0.599,0.628,0.914,0.807,0.696,0.609,0.863,0.747,0.522,0.48,0.721,0.919,0.876,0.913,0.527,0.478,0.805,0.734,0.431,0.894,0.702,0.542,0.801,0.776,0.618,0.746,0.735,0.826,0.68,0.452,0.579,0.645,0.596,0.942,0.928,0.659,0.391,0.534,0.77,0.956,0.813,0.552,0.822,0.708,0.812,0.549,0.727,0.771,0.711,0.877,0.86,0.845,0.823,0.823,0.54,0.773,0.758,0.736,0.709,0.624,0.854,0.516,0.803,0.79,0.447,0.936,0.858,0.912,0.564,0.707,0.429,0.905,0.779,0.506,0.734,0.943,0.955,0.563,0.661,0.524,0.772,0.599,0.51,0.723,0.795,0.738,0.817,0.71,0.538,0.774,0.889,0.928,0.925,0.816,0.717,0.603,0.733,0.7,0.468,0.582,0.569,,0.892,0.75,0.634,0.507,0.686,,0.703,0.741,0.779,0.759,0.642,0.541,0.528,0.723,0.895,0.731
2019,0.511,0.795,0.748,0.868,0.581,0.778,0.845,0.776,0.944,0.922,0.756,0.814,0.852,0.632,0.814,0.823,0.931,0.716,0.545,0.654,0.718,0.78,0.735,0.765,0.838,0.816,0.452,0.433,0.665,0.594,0.563,0.929,0.397,0.398,0.851,0.761,0.767,0.554,0.574,0.48,0.81,0.851,0.783,0.887,0.9,0.538,0.94,0.524,0.742,0.756,0.759,0.707,0.673,0.592,0.459,0.892,0.611,0.485,0.743,0.938,0.901,0.703,0.496,0.812,0.947,0.611,0.888,0.779,0.663,0.477,0.48,0.682,0.51,0.634,0.949,0.854,0.949,0.645,0.718,0.783,0.674,0.955,0.919,0.892,0.734,0.919,0.729,0.825,0.601,0.63,0.916,0.806,0.697,0.613,0.866,0.744,0.527,0.48,0.724,0.919,0.882,0.916,0.528,0.483,0.81,0.74,0.434,0.895,0.704,0.546,0.804,0.779,0.62,0.75,0.737,0.829,0.686,0.456,0.583,0.646,0.602,0.944,0.931,0.66,0.394,0.539,0.774,0.957,0.813,0.557,0.826,0.708,0.815,0.555,0.728,0.777,0.718,0.88,0.864,0.848,0.828,0.824,0.543,0.779,0.759,0.738,0.715,0.625,0.854,0.512,0.806,0.796,0.452,0.938,0.86,0.917,0.567,0.709,0.433,0.904,0.782,0.51,0.738,0.945,0.955,0.567,0.668,0.529,0.777,0.606,0.515,0.725,0.796,0.74,0.82,0.715,0.544,0.779,0.89,0.932,0.926,0.817,0.72,0.609,0.711,0.704,0.47,0.584,0.571,,0.898,0.753,0.631,0.513,0.689,,0.705,0.747,0.791,0.766,0.641,0.547,0.538,0.728,0.9,0.737